key,where it appears,English,machine translation,status,automatic checks,English words kept,pre-check note,reviewer verdict (OK / FIX),corrected translation,reviewer,comments
field.house_has_3_or_more_pucca_rooms,question to the citizen,Does your house have 3 or more rooms built with permanent (pucca) walls and roof?,,TRANSLATE BY HAND,machine translation rejected: it failed the automatic checks. Write the translation in 'corrected translation' and set the verdict to FIX,,,,,,
field_member.house_has_3_or_more_pucca_rooms,question about a family member,Does their house have 3 or more rooms built with permanent (pucca) walls and roof?,,TRANSLATE BY HAND,machine translation rejected: it failed the automatic checks. Write the translation in 'corrected translation' and set the verdict to FIX,,,,,,
field.lives_in_kutcha_house,question to the citizen,"Does your family live in a kutcha house — one made of non-permanent materials like mud, thatch, or loose brick?",,TRANSLATE BY HAND,machine translation rejected: it failed the automatic checks. Write the translation in 'corrected translation' and set the verdict to FIX,,,,,,
field_member.lives_in_kutcha_house,question about a family member,"Does their family live in a kutcha house — one made of non-permanent materials like mud, thatch, or loose brick?",,TRANSLATE BY HAND,machine translation rejected: it failed the automatic checks. Write the translation in 'corrected translation' and set the verdict to FIX,,,,,,
field.house_has_pucca_roof_or_wall,question to the citizen,"Does your house have a pucca (permanent) roof, or pucca walls, made of brick, stone, cement or concrete?",,TRANSLATE BY HAND,machine translation rejected: it failed the automatic checks. Write the translation in 'corrected translation' and set the verdict to FIX,,,,,,
chat.greeting,chat message,"Hey! Tell me a bit about your situation or what kind of help you're looking for, and I'll check real scheme rules for you.","வணக்கம்! உங்கள் நிலைமையையோ அல்லது நீங்கள் தேடும் உதவியையோ சிறிது சொல்லுங்கள், நான் உண்மையான திட்ட விதிகளைச் சரிபார்த்துக் கொடுக்கிறேன்.",unreviewed,,,,,,,
chat.greeting_pending,chat message,No rush! Whenever you're ready: {question},அவசரமில்லை! நீங்கள் தயாராக இருக்கும் போது: {question},unreviewed,,,,,,,
chat.which_scheme,chat message,"Which scheme did you mean? Search for one first, or pick one from Browse all schemes.","நீங்கள் எந்த திட்டத்தை குறிக்கிறீர்கள்? முதலில் தேடுங்கள், அல்லது “அனைத்து திட்டங்களையும் பார்க்கவும்” என்பதிலிருந்து தேர்வு செய்யுங்கள்.",unreviewed,,,,,,,
chat.finish_first,chat message,Let's finish checking {scheme_id} first — {question},முதலில் {scheme_id}‑ஐ முடித்து விடலாம் — {question},unreviewed,,,,,,,
chat.already_checked,chat message,"I already checked {scheme_id} for you above — scroll up to see the result, or search again to check a different scheme.","நான் ஏற்கனவே {scheme_id}‑ஐ மேலேச் சரிபார்த்துவிட்டேன் — முடிவை பார்க்க மேலே ஸ்க்ரோல் செய்யுங்கள், அல்லது வேறு திட்டத்தைச் சரிபார்க்க மீண்டும் தேடுங்கள்.",unreviewed,,,,,,,
chat.scheme_gone,chat message,"Sorry, I couldn't find that scheme anymore.","மன்னிக்கவும், அந்த திட்டத்தை இனி கண்டுபிடிக்க முடியவில்லை.",unreviewed,,,,,,,
chat.nothing_matched,chat message,"Nothing matched closely. Try describing it differently, or a different situation.","அதற்கு நெருக்கமாக எதுவும் பொருந்தவில்லை. வேறு விதமாக விவரிக்க முயற்சிக்கவும், அல்லது வேறு நிலைமையைப் பற்றி சொல்லவும்.",unreviewed,,,,,,,
chat.found,chat message,Here's what I found,நான் கண்டுபிடித்தது இதோ,unreviewed,,,,,,,
chat.found_followup,chat message,"Want more detail on any of these, or should I check your eligibility for one? Just tell me, or click Select.","இவற்றில் ஏதேனும் விபரமாக அறிய விரும்புகிறீர்களா, அல்லது ஒன்றின் தகுதியைச் சரிபார்க்க வேண்டுமா? சொல்லுங்கள், அல்லது “Select” என்பதைக் கிளிக் செய்யுங்கள்.",unreviewed,,Select,,,,,
chat.checking_rules,chat message,Checking the rules for this scheme now...,இந்த திட்டத்தின் விதிகளை இப்போது சரிபார்க்கிறேன்...,unreviewed,,,,,,,
chat.ai_checked_ok,chat message,"I ran automatic rule extraction on **{scheme_name}** and it validated, so I can check your eligibility the same way as a verified scheme — just know this is AI-Checked (rules extracted automatically), not human-verified.","நான் **{scheme_name}**‑இல் தானியங்கி விதி எடுப்பைச் செய்து, அது சரிபார்க்கப்பட்டது, ஆகவே நான் உங்கள் தகுதியை சரிபார்க்க முடியும் — இது AI‑Checked (தானாக எடுக்கப்பட்ட விதிகள்) என்பதைக் கவனியுங்கள், மனிதனால் சரிபார்க்கப்படவில்லை.",unreviewed,,"AI, Checked",,,,,
chat.extraction_unreachable,chat message,"I couldn't reach the rule-extraction service just now, so I haven't checked **{scheme_name}**'s rules yet — here's the description as listed meanwhile. Selecting it again in a moment will retry the check.","நான் இப்போது விதி‑எடுப்பு சேவையை அணுக முடியவில்லை, ஆகவே **{scheme_name}**‑இன் விதிகளை இன்னும் சரிபார்க்கவில்லை — இடைநிலையில் பட்டியலிடப்பட்ட விளக்கத்தை இங்கே கொடுக்கிறேன். மீண்டும் தேர்வு செய்தால் பின்னர் மீண்டும் முயற்சிக்கப்படும்.",unreviewed,,,,,,,
chat.extraction_already_failed,chat message,"I already tried automatic rule extraction for **{scheme_name}** earlier this session and it didn't produce reliable eligibility rules, so I won't retry — here's the description as listed.","இந்த அமர்வில் முன்பே **{scheme_name}**‑க்கு தானியங்கி விதி எடுப்பை முயற்சித்தேன், ஆனால் நம்பகமான விதிகளைப் பெற முடியவில்லை, ஆகவே மீண்டும் முயற்சிக்க மாட்டேன் — பட்டியலிடப்பட்ட விளக்கத்தை இங்கே கொடுக்கிறேன்.",unreviewed,,,,,,,
chat.extraction_failed,chat message,I wasn't able to reliably extract eligibility rules for this scheme automatically — here's the description as listed.,இந்த திட்டத்திற்கு நம்பகமான தகுதி விதிகளை தானாக எடுக்க முடியவில்லை — பட்டியலிடப்பட்ட விளக்கத்தை இங்கே கொடுக்கிறேன்.,unreviewed,,,,,,,
chat.lets_check,chat message,Let's check your eligibility for {scheme_id}.,நாம் {scheme_id}‑க்கு உங்கள் தகுதியைச் சரிபார்ப்போம்.,unreviewed,,,,,,,
chat.intake_used,chat message,Starting from what you already told me — I'll only ask about what's still missing. (via {provider}),நீங்கள் ஏற்கனவே கூறிய தகவலிலிருந்து தொடங்குகிறேன் — இன்னும்欠விருக்கும் விஷயங்களை மட்டும் கேட்கிறேன். ({provider} மூலம்),unreviewed,,,,,,,
chat.evaluation_failed,chat message,"I couldn't work out a result for {scheme_id}: one of the answers I have isn't in a form the scheme's rules can use (for example, words where a number was needed), and I won't guess. This is not a decision about your eligibility. You can start the check again, or ask at your local office.","{scheme_id}‑க்கு முடிவை கணிக்க முடியவில்லை: நான் பெற்றுள்ள ஒரு பதில் திட்ட விதிகள் பயன்படுத்தும் வடிவத்தில் இல்லை (எ.கா., எண்ணை வேண்டிய இடத்தில் வார்த்தை உள்ளது), நான் ஊகிக்க மாட்டேன். இது உங்கள் தகுதி பற்றிய முடிவு அல்ல. மீண்டும் தொடங்கலாம், அல்லது உங்கள் உள்ளூர் அலுவலகத்தில் கேட்கலாம்.",unreviewed,,,,,,,
chat.quick_reply_error,chat message,"Sorry, something went wrong reading that reply — please try again.","மன்னிக்கவும், அந்த பதிலைப் படிக்கும்போது பிழை ஏற்பட்டது — மீண்டும் முயற்சிக்கவும்.",unreviewed,,,,,,,
chat.sensitive_reask,chat message,"You can answer Yes, No, or “Prefer not to say” — whichever you are comfortable with.","நீங்கள் “ஆம்”, “இல்லை”, அல்லது “பதில் சொல்ல விரும்பவில்லை” என்று பதிலளிக்கலாம் — உங்களுக்கு வசதியானதைத் தேர்வு செய்யுங்கள்.",unreviewed,,,,,,,
chat.declined,chat message,"That's completely fine — you don't need to tell me. You may qualify for {scheme_id} under a special provision. Please check with your local office (for example your Gram Panchayat, Block office or social welfare office); they can look at it with you in confidence.","அது முற்றிலும் சரி — நீங்கள் சொல்ல வேண்டியதில்லை. நீங்கள் {scheme_id}‑க்கு ஒரு சிறப்பு விதியால் தகுதி பெறலாம். உங்கள் உள்ளூர் அலுவலகத்தில் (உதாரணம்: கிராமப்பஞ்சாயத்து, பிளாக் அலுவலகம் அல்லது சமூக நல அலுவலகம்) சரிபார்க்கவும்; அவர்கள் உங்களுடன் நம்பிக்கையுடன் இதை பார்க்க முடியும்.",unreviewed,,,,,,,
chat.rephrase,chat message,I couldn't quite understand that — could you rephrase? ,நான் அதை முழுமையாகப் புரிந்துகொள்ளவில்லை — மீண்டும் சொல்ல முடியுமா? ,unreviewed,,,,,,,
chat.rephrase_buttons,chat message,You can also use the Yes/No buttons above.,மேலே உள்ள ஆம்/இல்லை பொத்தான்களையும் பயன்படுத்தலாம்.,unreviewed,,,,,,,
chat.still_unparsed,chat message,"Sorry, I still couldn't quite parse that — could you try rephrasing?","மன்னிக்கவும், இன்னும் அதை சரியாகப் புரிந்துகொள்ள முடியவில்லை — மீண்டும் சொல்ல முயற்சிக்கவும்?",unreviewed,,,,,,,
chat.switching_away,chat message,(Switching away from {scheme_id} for now — search for it again anytime to restart that check.),({scheme_id}‑இல் இருந்து இப்போது விலகுகிறேன் — மீண்டும் தேடி இந்தச் சரிபார்ப்பை மீண்டும் தொடங்கலாம்.),unreviewed,,,,,,,
chat.machine_translated,chat message,Machine-translated from English — the original is authoritative.,ஆங்கிலத்திலிருந்து இயந்திர மொழிபெயர்ப்பு — அசல் உரை அதிகாரப்பூர்வமானது.,unreviewed,,,,,,,
reply.yes,answer button,Yes,ஆம்,unreviewed,,,,,,,
reply.no,answer button,No,இல்லை,unreviewed,,,,,,,
reply.decline,answer button,Prefer not to say,பதில் சொல்ல விரும்பவில்லை,unreviewed,,,,,,,
question.family_prefix,question to the citizen,This next one is about one of your family members — {question},இது உங்கள் குடும்ப உறுப்பினரின் பற்றிய அடுத்த கேள்வி — {question},unreviewed,,,,,,,
question.generic_boolean,question to the citizen,"Do you meet this criterion: ""{label}""?","நீங்கள் இந்த நிபந்தனை பூர்த்தி செய்கிறீர்களா: ""{label}""?",unreviewed,,,,,,,
question.generic_value,question to the citizen,"What is your value for ""{label}""?","""{label}""‑க்கு உங்கள் மதிப்பு என்ன?",unreviewed,,,,,,,
question.household_generic_boolean,question to the citizen,"Does any one of {members} meet this: ""{label}""?","{members} இல் யாராவது இந்த நிபந்தனை பூர்த்தி செய்கிறார்களா: ""{label}""?",unreviewed,,,,,,,
question.household_generic_value,question to the citizen,"What is the highest ""{label}"" of any one of {members}?","{members} இல் யாருடைய ""{label}"" அதிகபட்சம் என்ன?",unreviewed,,,,,,,
verdict.headline_eligible,eligibility result,{emoji} You're eligible for {scheme_id},{emoji} நீங்கள் {scheme_id}‑க்கு தகுதியானவர்,unreviewed,,,,,,,
verdict.headline_ineligible,eligibility result,{emoji} You're not eligible for {scheme_id},{emoji} நீங்கள் {scheme_id}‑க்கு தகுதியற்றவர்,unreviewed,,,,,,,
verdict.headline_undetermined,eligibility result,{emoji} One more detail needed for {scheme_id},{emoji} {scheme_id}‑க்கு ஒரு கூடுதல் விவரம் தேவை,unreviewed,,,,,,,
verdict.answer_eligible,eligibility result,"Based on what you've told me, you're eligible for {scheme_id} — here's why:","நீங்கள் கூறிய தகவலின் அடிப்படையில், நீங்கள் {scheme_id}‑க்கு தகுதியானவர் — இதோ காரணம்:",unreviewed,,,,,,,
verdict.answer_ineligible,eligibility result,"Based on what you've told me, you're not eligible for {scheme_id} — here's why:","நீங்கள் கூறிய தகவலின் அடிப்படையில், நீங்கள் {scheme_id}‑க்கு தகுதியற்றவர் — இதோ காரணம்:",unreviewed,,,,,,,
verdict.answer_undetermined,eligibility result,I need one more detail to be sure about your eligibility for {scheme_id} — let's continue.,{scheme_id}‑க்கு உங்கள் தகுதியை உறுதிப்படுத்த ஒரு கூடுதல் விவரம் தேவை — தொடர்வோம்.,unreviewed,,,,,,,
trace.header,explanation of the result,What we checked to reach this result:,இந்த முடிவை அடைய நாம் சரிபார்த்தது:,unreviewed,,,,,,,
trace.disqualify_header,explanation of the result,Things that would disqualify you:,உங்களைத் தகுதி நீக்கக்கூடியவை:,unreviewed,,,,,,,
trace.yes,explanation of the result,Yes ✅,ஆம் ✅,unreviewed,,,,,,,
trace.no,explanation of the result,No ❌,இல்லை ❌,unreviewed,,,,,,,
trace.unknown,explanation of the result,Not yet known ❓,இன்னும் தெரியவில்லை ❓,unreviewed,,,,,,,
trace.all_of,explanation of the result,All of these need to be true,இவற்றில் அனைத்தும் உண்மையாக இருக்க வேண்டும்,unreviewed,,,,,,,
trace.one_of,explanation of the result,At least one of these needs to be true,இவற்றில் குறைந்தது ஒன்று உண்மையாக இருக்க வேண்டும்,unreviewed,,,,,,,
trace.applies,explanation of the result,Applies to you 🚫,உங்களுக்கு பொருந்தும் 🚫,unreviewed,,,,,,,
trace.waived,explanation of the result,"True for you, but waived by an exception ✅","உங்களுக்கு உண்மை, ஆனால் விதிவிலக்கு மூலம் விலக்கப்பட்டது ✅",unreviewed,,,,,,,
trace.does_not_apply,explanation of the result,Doesn't apply ✅,பொருந்தாது ✅,unreviewed,,,,,,,
ui.nav_browse,"screen text (menus, buttons)",Browse All Schemes,அனைத்து திட்டங்களையும் உலாவு,unreviewed,,,,,,,
ui.nav_back_to_chat,"screen text (menus, buttons)",Back to chat,சாட்‌க்கு திரும்பு,unreviewed,,,,,,,
ui.lang_toggle_label,"screen text (menus, buttons)",English/हिंदी,ஆங்கிலம்/हिंदी,unreviewed,,,,,,,
ui.hero_thesis,"screen text (menus, buttons)","Real government scheme rules, checked the same way every time — no guessing, no ads, a clear reason for every answer.","நிஜ அரசுத் திட்ட விதிகள், ஒவ்வொரு முறையும் ஒரே முறையில் சரிபார்க்கப்பட்டவை — ஊகமில்லை, விளம்பரமில்லை, ஒவ்வொரு பதிலுக்கும் தெளிவான காரணம்.",unreviewed,,,,,,,
ui.step_1,"screen text (menus, buttons)","Ask, in your own words",உங்கள் சொற்களில் கேளுங்கள்,unreviewed,,,,,,,
ui.step_2,"screen text (menus, buttons)",We check the real rules,நாங்கள் உண்மையான விதிகளைச் சரிபார்க்கிறோம்,unreviewed,,,,,,,
ui.step_3,"screen text (menus, buttons)","A verified answer, or an honest ""not sure yet""","சரிபார்க்கப்பட்ட பதில், அல்லது நியாயமான ""இன்னும் தெரியவில்லை""",unreviewed,,,,,,,
ui.greeting,"screen text (menus, buttons)",Namaste! 🙏 How can I help you find government schemes today? You can tell me a bit about yourself or ask about specific welfare programs.,நமஸ்தே! 🙏 இன்று அரசுத் திட்டங்களை கண்டறிய நான் எப்படி உதவலாம்? உங்கள் பற்றிய சில தகவல்களை சொல்லலாம் அல்லது குறிப்பிட்ட நலத் திட்டங்களைப் பற்றி கேட்கலாம்.,unreviewed,,,,,,,
ui.try_one_of_these,"screen text (menus, buttons)",Or try one of these:,அல்லது இதிலிருந்து ஒன்றை முயற்சிக்கவும்:,unreviewed,,,,,,,
ui.browse_hint,"screen text (menus, buttons)",Looking for something specific? Use **Browse all schemes** above to look through the full list directly.,எதையாவது குறிப்பாகத் தேடுகிறீர்களா? மேலே **அனைத்து திட்டங்களையும் உலாவு** பயன்படுத்தி முழு பட்டியலை நேரடியாகப் பார்க்கலாம்.,unreviewed,,,,,,,
ui.chat_input_placeholder,"screen text (menus, buttons)",Message SchemeLogic...,SchemeLogic-க்கு செய்தி...,unreviewed,,SchemeLogic,,,,,
ui.disclaimer,"screen text (menus, buttons)",SchemeLogic can make mistakes. Consider verifying important scheme details on official government portals.,SchemeLogic தவறுகள் செய்யலாம். முக்கியமான திட்ட விவரங்களை அதிகாரப்பூர்வ அரசுத் தளங்களில் உறுதிப்படுத்தவும்.,unreviewed,,SchemeLogic,,,,,
ui.start_over,"screen text (menus, buttons)",Start over,மீண்டும் தொடங்கு,unreviewed,,,,,,,
ui.browse_title,"screen text (menus, buttons)",All Schemes,அனைத்து திட்டங்கள்,unreviewed,,,,,,,
ui.browse_subtitle,"screen text (menus, buttons)",Discover and apply for government welfare schemes tailored to your needs. Browse all available programs below.,உங்கள் தேவைகளுக்கு ஏற்ப அரசின் நலத் திட்டங்களை கண்டறிந்து விண்ணப்பிக்கவும். கீழே உள்ள அனைத்து கிடைக்கும் திட்டங்களையும் உலாவுங்கள்.,unreviewed,,,,,,,
ui.search_placeholder,"screen text (menus, buttons)",Search schemes by name or keyword...,திட்டத்தின் பெயர் அல்லது முக்கிய வார்த்தை மூலம் தேடவும்...,unreviewed,,,,,,,
ui.view_details,"screen text (menus, buttons)",View Details,விவரங்களைப் பார்க்கவும்,unreviewed,,,,,,,
ui.select,"screen text (menus, buttons)",Select,தேர்வு செய்,unreviewed,,,,,,,
ui.ask_ai_sahayak,"screen text (menus, buttons)",Ask AI Sahayak,AI உதவியாளரை கேள்,unreviewed,,AI,,,,,
ui.seal_verified,"screen text (menus, buttons)",Verified,சரிபார்க்கப்பட்டது,unreviewed,,,,,,,
ui.seal_ai_checked,"screen text (menus, buttons)",AI-Checked,AI-சரிபார்ப்பு,unreviewed,,AI,,,,,
ui.seal_unverified,"screen text (menus, buttons)",Unverified,சரிபார்க்கப்படவில்லை,unreviewed,,,,,,,
ui.ai_checked_verdict_disclaimer,"screen text (menus, buttons)","These rules were extracted automatically by AI from this scheme's published text and have NOT been checked by a human reviewer. The verdict above was computed by the same deterministic rules engine used for Verified schemes, but the rules it applied may be incomplete or wrong — confirm with the official source before acting on this.","இந்த விதிகள் AI மூலம் தானாகவே இந்த திட்டத்தின் வெளியிடப்பட்ட உரையிலிருந்து எடுக்கப்பட்டவை மற்றும் மனித மதிப்பாய்வாளர் மூலம் சரிபார்க்கப்படவில்லை. மேலே உள்ள தீர்மானம் Verified திட்டங்களுக்கு பயன்படுத்தப்படும் அதே நிர்ணய விதி இயந்திரத்தால் கணக்கிடப்பட்டது, ஆனால் அது பயன்படுத்திய விதிகள் முழுமையற்றவோ தவறாகவோ இருக்கலாம் — செயல்படுவதற்கு முன் அதிகாரப்பூர்வ மூலத்துடன் உறுதிப்படுத்தவும்.",unreviewed,,"AI, Verified",,,,,
ui.category_all,"screen text (menus, buttons)",All Schemes,அனைத்து திட்டங்கள்,unreviewed,,,,,,,
ui.category_farmers,"screen text (menus, buttons)",Farmers,விவசாயிகள்,unreviewed,,,,,,,
ui.category_students,"screen text (menus, buttons)",Students,மாணவர்கள்,unreviewed,,,,,,,
ui.category_women,"screen text (menus, buttons)",Women,பெண்கள்,unreviewed,,,,,,,
ui.category_health,"screen text (menus, buttons)",Health,ஆரோக்கியம்,unreviewed,,,,,,,
ui.category_housing,"screen text (menus, buttons)",Housing,வீடு,unreviewed,,,,,,,
ui.schemes_shown_suffix,"screen text (menus, buttons)",shown,காட்டப்பட்டவை,unreviewed,,,,,,,
ui.translation_notice_machine,"screen text (menus, buttons)","Machine-translated and not yet reviewed by a person. If anything is unclear, the English version is the authoritative one.","இயந்திரம் மூலம் மொழிபெயர்க்கப்பட்டது, இன்னும் மனிதர் மதிப்பாய்வு செய்யவில்லை. ஏதேனும் தெளிவில்லையெனில், ஆங்கில பதிப்பு அதிகாரப்பூர்வமானது.",unreviewed,,,,,,,
ui.translation_notice_none,"screen text (menus, buttons)","This language is not translated yet, so most text is shown in English. Any text in this language is machine-generated and not reviewed.","இந்த மொழி இன்னும் மொழிபெயர்க்கப்படவில்லை, ஆகையால் பெரும்பாலான உரை ஆங்கிலத்தில் காட்டப்படுகிறது. இந்த மொழியில் உள்ள எந்த உரையும் இயந்திரம் உருவாக்கியத이며, பரிசீலனை செய்யப்படவில்லை.",unreviewed,,,,,,,
family_scope.default,who counts as family,you and the members of your family,நீங்களும் உங்கள் குடும்ப உறுப்பினர்களும்,unreviewed,,,,,,,
family_scope.PM-KISAN,who counts as family,"you, your husband or wife, and your minor children","நீங்கள், உங்கள் கணவர் அல்லது மனைவி, மற்றும் உங்கள் சிறு குழந்தைகள்",unreviewed,,,,,,,
family_scope.AB-PMJAY,who counts as family,the members of your household,உங்கள் வீட்டின் உறுப்பினர்கள்,unreviewed,,,,,,,
family_scope.PMAY-G,who counts as family,the members of your family,உங்கள் குடும்பத்தின் உறுப்பினர்கள்,unreviewed,,,,,,,
field.is_indian_citizen,question to the citizen,Are you an Indian citizen?,நீங்கள் இந்திய குடியுரிமையாளர் தானா?,unreviewed,,,,,,,
field_member.is_indian_citizen,question about a family member,Are they an Indian citizen?,அவர்கள் இந்திய குடியுரிமையாளர் தானா?,unreviewed,,,,,,,
label.is_indian_citizen,rule name in the explanation,Indian citizenship,இந்திய குடியுரிமை,unreviewed,,,,,,,
field.is_nri_per_income_tax_act_1961,question to the citizen,Are you classified as a Non-Resident Indian (NRI) under Indian income tax rules?,நீங்கள் இந்திய வரி சட்டம் 1961 இன் கீழ் Non-Resident Indian (NRI) ஆக வகைப்படுத்தப்பட்டுள்ளீர்களா?,unreviewed,,"Indian, Non, Resident",,,,,
field_member.is_nri_per_income_tax_act_1961,question about a family member,Are they classified as a Non-Resident Indian (NRI) under Indian income tax rules?,அவர்கள் இந்திய வரி சட்டம் 1961 இன் கீழ் Non-Resident Indian (NRI) ஆக வகைப்படுத்தப்பட்டுள்ளார்களா?,unreviewed,,"Indian, Non, Resident",,,,,
label.is_nri_per_income_tax_act_1961,rule name in the explanation,NRI status,NRI நிலை,unreviewed,,,,,,,
field_household.is_nri_per_income_tax_act_1961,question about the household,Is any one of {members} a Non-Resident Indian (NRI) under Indian income tax rules?,{members} இல் யாராவது Indian income tax rules இன் கீழ் Non-Resident Indian (NRI) ஆக வகைப்படுத்தப்பட்டுள்ளார்களா?,unreviewed,,"income, Indian, Non, Resident, rules, tax",,,,,
field.age,question to the citizen,"What is your age, in years?",உங்கள் வயது எத்தனை ஆண்டுகள்?,unreviewed,,,,,,,
field_member.age,question about a family member,"What is their age, in years?",அவர்களின் வயது எத்தனை ஆண்டுகள்?,unreviewed,,,,,,,
label.age,rule name in the explanation,Age,வயது,unreviewed,,,,,,,
field.is_widow_suffering_from_aids,question to the citizen,Are you living with HIV or AIDS? This is asked only because a widow living with HIV or AIDS can be eligible without a BPL card. You can choose “Prefer not to say”.,நீங்கள் HIV அல்லது AIDS உடன் வாழ்கிறீர்களா? இது HIV அல்லது AIDS உடன் வாழும் விதவை ஒருவர் BPL கார்டு இல்லாமல் தகுதி பெறலாம் என்பதால் கேட்கப்படுகிறது. “Prefer not to say” என்பதை தேர்வு செய்யலாம்.,unreviewed,,"not, Prefer, say, to",,,,,
field_member.is_widow_suffering_from_aids,question about a family member,Are they living with HIV or AIDS? This is asked only because a widow living with HIV or AIDS can be eligible without a BPL card. They can choose “Prefer not to say”.,அவர்கள் HIV அல்லது AIDS உடன் வாழ்கிறார்களா? இது HIV அல்லது AIDS உடன் வாழும் விதவை ஒருவர் BPL கார்டு இல்லாமல் தகுதி பெறலாம் என்பதால் கேட்கப்படுகிறது. அவர்கள் “Prefer not to say” என்பதை தேர்வு செய்யலாம்.,unreviewed,,"not, Prefer, say, to",,,,,
label.is_widow_suffering_from_aids,rule name in the explanation,Widow living with HIV/AIDS,HIV/AIDS உடன் வாழும் விதவை,unreviewed,,,,,,,
field.months_since_last_birthday,question to the citizen,How many full months have passed since your last birthday? (0 to 11),உங்கள் கடைசி பிறந்தநாளிலிருந்து எத்தனை முழு மாதங்கள் கடந்துள்ளன? (0 முதல் 11),unreviewed,,,,,,,
field_member.months_since_last_birthday,question about a family member,How many full months have passed since their last birthday? (0 to 11),அவர்களின் கடைசி பிறந்தநாளிலிருந்து எத்தனை முழு மாதங்கள் கடந்துள்ளன? (0 முதல் 11),unreviewed,,,,,,,
label.months_since_last_birthday,rule name in the explanation,Months since last birthday,கடைசி பிறந்தநாளிலிருந்து மாதங்கள்,unreviewed,,,,,,,
field.is_woman,question to the citizen,Are you a woman?,நீங்கள் ஒரு பெண் தானா?,unreviewed,,,,,,,
field_member.is_woman,question about a family member,Are they a woman?,அவர்கள் ஒரு பெண் தானா?,unreviewed,,,,,,,
label.is_woman,rule name in the explanation,Gender: woman,பாலினம்: பெண்,unreviewed,,,,,,,
field.is_maharashtra_resident,question to the citizen,Are you a permanent resident of Maharashtra?,நீங்கள் மகாராஷ்டிராவின் நிரந்தர குடியிருப்பாளரா?,unreviewed,,,,,,,
field_member.is_maharashtra_resident,question about a family member,Are they a permanent resident of Maharashtra?,அவர்கள் மகாராஷ்டிராவின் நிரந்தர குடியிருப்பாளரா?,unreviewed,,,,,,,
label.is_maharashtra_resident,rule name in the explanation,Maharashtra residency,மகாராஷ்டிரா குடியிருப்பு,unreviewed,,,,,,,
field.is_sc_st,question to the citizen,Does your household belong to a Scheduled Caste (SC) or Scheduled Tribe (ST)?,உங்கள் குடும்பம் Scheduled Caste (SC) அல்லது Scheduled Tribe (ST) உடையதா?,unreviewed,,"Caste, Scheduled, Tribe",,,,,
field_member.is_sc_st,question about a family member,Does their household belong to a Scheduled Caste (SC) or Scheduled Tribe (ST)?,அவர்களின் குடும்பம் Scheduled Caste (SC) அல்லது Scheduled Tribe (ST) உடையதா?,unreviewed,,"Caste, Scheduled, Tribe",,,,,
label.is_sc_st,rule name in the explanation,SC/ST status,SC/ST நிலை,unreviewed,,,,,,,
field.is_pmay_g_beneficiary,question to the citizen,Is your household already a beneficiary of the PMAY-Gramin (rural housing) scheme?,உங்கள் குடும்பம் ஏற்கனவே PMAY-Gramin (கிராம வீடு) திட்டத்தின் பயனாளியா?,unreviewed,,ramin,,,,,
field_member.is_pmay_g_beneficiary,question about a family member,Is their household already a beneficiary of the PMAY-Gramin (rural housing) scheme?,அவர்களின் குடும்பம் ஏற்கனவே PMAY-Gramin (கிராம வீடு) திட்டத்தின் பயனாளியா?,unreviewed,,ramin,,,,,
label.is_pmay_g_beneficiary,rule name in the explanation,PMAY-G beneficiary status,PMAY-G பயனாளர் நிலை,unreviewed,,,,,,,
field.is_forest_dweller,question to the citizen,Are you recognized as a forest dweller?,நீங்கள் காட்டில் வாழும் நபராக அங்கீகரிக்கப்பட்டுள்ளீர்களா?,unreviewed,,,,,,,
field_member.is_forest_dweller,question about a family member,Are they recognized as a forest dweller?,அவர்கள் காட்டில் வாழும் நபராக அங்கீகரிக்கப்பட்டுள்ளார்களா?,unreviewed,,,,,,,
label.is_forest_dweller,rule name in the explanation,Forest dweller status,காடு வாழும் நிலை,unreviewed,,,,,,,
field.is_most_backward_class,question to the citizen,Do you belong to a community classified as a Most Backward Class?,நீங்கள் Most Backward Class (MBC) சமூகத்திலா?,unreviewed,,"Backward, Class, MBC, Most",,,,,
field_member.is_most_backward_class,question about a family member,Do they belong to a community classified as a Most Backward Class?,அவர்கள் Most Backward Class (MBC) சமூகத்திலா?,unreviewed,,"Backward, Class, MBC, Most",,,,,
label.is_most_backward_class,rule name in the explanation,Most Backward Class status,Most Backward Class நிலை,unreviewed,,"Backward, Class, Most",,,,,
field.is_tea_garden_tribe,question to the citizen,Do you belong to a Tea or Ex-Tea Garden Tribe community?,நீங்கள் தேயிலை அல்லது முன்னாள் தேயிலை தோட்டம் பழங்குடி சமூகத்திலா?,unreviewed,,,,,,,
field_member.is_tea_garden_tribe,question about a family member,Do they belong to a Tea or Ex-Tea Garden Tribe community?,அவர்கள் தேயிலை அல்லது முன்னாள் தேயிலை தோட்டக் குடியிருப்பு சமூகத்தினரா?,unreviewed,,,,,,,
label.is_tea_garden_tribe,rule name in the explanation,Tea garden tribe status,தேயிலை தோட்டக் குடியிருப்பு நிலை,unreviewed,,,,,,,
field.lives_on_river_island,question to the citizen,Do you live on a river island?,நீங்கள் நதிக்கடல் தீவில் வாழ்கிறீர்களா?,unreviewed,,,,,,,
field_member.lives_on_river_island,question about a family member,Do they live on a river island?,அவர்கள் நதிக்கடல் தீவில் வாழ்கிறார்களா?,unreviewed,,,,,,,
label.lives_on_river_island,rule name in the explanation,River island residency,நதிக்கடல் தீவு குடியிருப்பு,unreviewed,,,,,,,
field.meets_14_point_self_declaration,question to the citizen,"If none of the other categories apply to you, would you be able to submit a self-declaration form stating your household is poor?","மற்ற எந்தப் பிரிவுகளும் உங்களுக்கு பொருந்தாவிட்டால், உங்கள் குடும்பம் ஏழை என்று சொல்வதற்கான 14‑புள்ளி சுய-அறிக்கை படிவத்தை சமர்ப்பிக்க முடியுமா?",unreviewed,,,,,,,
field_member.meets_14_point_self_declaration,question about a family member,"If none of the other categories apply to them, would they be able to submit a self-declaration form stating their household is poor?","மற்ற எந்தப் பிரிவுகளும் அவர்களுக்கு பொருந்தாவிட்டால், அவர்களின் குடும்பம் ஏழை என்று சொல்வதற்கான 14‑புள்ளி சுய-அறிக்கை படிவத்தை சமர்ப்பிக்க முடியுமா?",unreviewed,,,,,,,
label.meets_14_point_self_declaration,rule name in the explanation,Self-declared poor household,சுய-அறிக்கை செய்யப்பட்ட ஏழை குடும்பம்,unreviewed,,,,,,,
field.is_secc_deprived_household,question to the citizen,"Does your household fall under one of the government's official rural poverty-deprivation categories (for example: no adult wage-earner, a female-headed household with no adult male, a disabled member with no able-bodied adult, or a landless household relying on manual labour)?","உங்கள் குடும்பம் அரசின் அதிகாரப்பூர்வ கிராமப்புற வறுமை‑வறுமை நிலை வகைகளில் (உதாரணம்: சம்பளம் பெறும் பெரியவர் இல்லை, ஆண் பெரியவர் இல்லாத பெண் தலைமையிலான குடும்பம், உடல்நலக் குறைபாடு கொண்ட உறுப்பினர், அல்லது கைமுறை வேலை மீது நம்பிய நிலமில்லா குடும்பம்) ஒன்றில் அடங்குகிறதா?",unreviewed,,,,,,,
field_member.is_secc_deprived_household,question about a family member,"Does their household fall under one of the government's official rural poverty-deprivation categories (for example: no adult wage-earner, a female-headed household with no adult male, a disabled member with no able-bodied adult, or a landless household relying on manual labour)?","அவர்களின் குடும்பம் அரசின் அதிகாரப்பூர்வ கிராமப்புற வறுமை‑வறுமை நிலை வகைகளில் (உதாரணம்: சம்பளம் பெறும் பெரியவர் இல்லை, ஆண் பெரியவர் இல்லாத பெண் தலைமையிலான குடும்பம், உடல்நலக் குறைபாடு கொண்ட உறுப்பினர், அல்லது கைமுறை வேலை மீது நம்பிய நிலமில்லா குடும்பம்) ஒன்றில் அடங்குகிறதா?",unreviewed,,,,,,,
label.is_secc_deprived_household,rule name in the explanation,Household deprivation status,குடும்ப வறுமை நிலை,unreviewed,,,,,,,
field.is_secc_automatically_included,question to the citizen,"Does your household fall into one of the automatically-included categories: destitute/living on alms, a manual scavenger family, a primitive tribal group, or a legally released bonded labourer family?","உங்கள் குடும்பம் தானாக சேர்க்கப்படும் வகைகளில் (வறுமை/அருள்கொடை வாழும், கைமுறை கழுவும் குடும்பம், பழமையான பழங்குடி குழு, அல்லது சட்டரீதியாக விடுவிக்கப்பட்ட கடனாளி குடும்பம்) ஒன்றில் அடங்குகிறதா?",unreviewed,,,,,,,
field_member.is_secc_automatically_included,question about a family member,"Does their household fall into one of the automatically-included categories: destitute/living on alms, a manual scavenger family, a primitive tribal group, or a legally released bonded labourer family?","அவர்களின் குடும்பம் தானாக சேர்க்கப்படும் வகைகளில் (வறுமை/அருள்கொடை வாழும், கைமுறை கழுவும் குடும்பம், பழமையான பழங்குடி குழு, அல்லது சட்டரீதியாக விடுவிக்கப்பட்ட கடனாளி குடும்பம்) ஒன்றில் அடங்குகிறதா?",unreviewed,,,,,,,
label.is_secc_automatically_included,rule name in the explanation,Automatic inclusion category,தானாக சேர்க்கும் வகை,unreviewed,,,,,,,
field.is_valid_rsby_beneficiary,question to the citizen,"Is your family a valid, premium-paid beneficiary of the earlier RSBY health insurance scheme?","உங்கள் குடும்பம் முந்தைய RSBY சுகாதார காப்பீட்டு திட்டத்தின் செல்லுபடியான, பிரீமியம் செலுத்திய பயனாளியா?",unreviewed,,,,,,,
field_member.is_valid_rsby_beneficiary,question about a family member,"Is their family a valid, premium-paid beneficiary of the earlier RSBY health insurance scheme?","அவர்களின் குடும்பம் முந்தைய RSBY சுகாதார காப்பீட்டு திட்டத்தின் செல்லுபடியான, பிரீமியம் செலுத்திய பயனாளியா?",unreviewed,,,,,,,
label.is_valid_rsby_beneficiary,rule name in the explanation,RSBY beneficiary status,RSBY பயனாளர் நிலை,unreviewed,,,,,,,
field.is_bpl_household,question to the citizen,Is your household officially classified as Below Poverty Line (BPL)?,உங்கள் குடும்பம் அதிகாரப்பூர்வமாக Below Poverty Line (BPL) என வகைப்படுத்தப்பட்டுள்ளதா?,unreviewed,,"Below, Line, Poverty",,,,,
field_member.is_bpl_household,question about a family member,Is their household officially classified as Below Poverty Line (BPL)?,அவர்களின் குடும்பம் அதிகாரப்பூர்வமாக Below Poverty Line (BPL) என வகைப்படுத்தப்பட்டுள்ளதா?,unreviewed,,"Below, Line, Poverty",,,,,
label.is_bpl_household,rule name in the explanation,Below Poverty Line (BPL) status,Below Poverty Line (BPL) நிலை,unreviewed,,"Below, Line, Poverty",,,,,
field.paid_income_tax_last_assessment_year,question to the citizen,Did you or a family member pay income tax in the last assessment year?,நீங்கள் அல்லது குடும்ப உறுப்பினர் கடந்த மதிப்பீட்டு ஆண்டில் வருமான வரி செலுத்தியுள்ளீர்களா?,unreviewed,,,,,,,
field_member.paid_income_tax_last_assessment_year,question about a family member,Did they or a family member pay income tax in the last assessment year?,அவர்கள் அல்லது குடும்ப உறுப்பினர் கடந்த மதிப்பீட்டு ஆண்டில் வருமான வரி செலுத்தியுள்ளார்களா?,unreviewed,,,,,,,
label.paid_income_tax_last_assessment_year,rule name in the explanation,Income tax payment,வருமான வரி செலுத்தல்,unreviewed,,,,,,,
field.household_owns_motorised_vehicle_or_fishing_boat,question to the citizen,Does your household own a motorised vehicle or a fishing boat?,உங்கள் குடும்பம் மோட்டார் வாகனம் அல்லது மீன்பிடி படகு வைத்துள்ளதா?,unreviewed,,,,,,,
field_member.household_owns_motorised_vehicle_or_fishing_boat,question about a family member,Does their household own a motorised vehicle or a fishing boat?,அவர்களின் குடும்பம் மோட்டார் வாகனம் அல்லது மீன்பிடி படகு வைத்துள்ளதா?,unreviewed,,,,,,,
label.household_owns_motorised_vehicle_or_fishing_boat,rule name in the explanation,Motorised vehicle or fishing boat ownership,மோட்டார் வாகனம் அல்லது மீன்பிடி படகு சொத்து,unreviewed,,,,,,,
field.kisan_credit_card_limit_inr,question to the citizen,"What is the sanctioned limit on your Kisan Credit Card, in rupees? (Enter 0 if you don't have one.)",உங்கள் Kisan Credit Card‑இன் அனுமதிக்கப்பட்ட வரம்பு எவ்வளவு? (உங்களிடம் இல்லையெனில் 0 என உள்ளிடவும்.),unreviewed,,,,,,,
field_member.kisan_credit_card_limit_inr,question about a family member,"What is the sanctioned limit on their Kisan Credit Card, in rupees? (Enter 0 if they don't have one.)",அவர்களின் Kisan Credit Card‑இன் அனுமதிக்கப்பட்ட வரம்பு எவ்வளவு? (அவர்களுக்கு இல்லையெனில் 0 என உள்ளிடவும்.),unreviewed,,,,,,,
label.kisan_credit_card_limit_inr,rule name in the explanation,Kisan Credit Card limit,Kisan Credit Card வரம்பு,unreviewed,,,,,,,
field.owns_mechanized_agricultural_equipment_3_or_4_wheeler,question to the citizen,"Does your household own mechanised 3-wheeler or 4-wheeler agricultural equipment, like a tractor?",உங்கள் குடும்பம் 3‑சக்கர அல்லது 4‑சக்கர இயந்திர வேளாண் உபகரணங்களை (உதா: டிராக்டர்) வைத்துள்ளதா?,unreviewed,,,,,,,
field_member.owns_mechanized_agricultural_equipment_3_or_4_wheeler,question about a family member,"Does their household own mechanised 3-wheeler or 4-wheeler agricultural equipment, like a tractor?",அவர்களின் குடும்பம் 3‑சக்கர அல்லது 4‑சக்கர இயந்திர வேளாண் உபகரணங்களை (உதா: டிராக்டர்) வைத்துள்ளதா?,unreviewed,,,,,,,
label.owns_mechanized_agricultural_equipment_3_or_4_wheeler,rule name in the explanation,Mechanised agricultural equipment ownership,இயந்திர வேளாண் உபகரண சொத்து,unreviewed,,,,,,,
field.owns_non_agricultural_enterprise_registered_with_govt,question to the citizen,Does your household own a non-agricultural business registered with the government?,உங்கள் குடும்பம் அரசாங்கத்தில் பதிவு செய்யப்பட்ட வேளாண் அல்லாத வணிகத்தை வைத்துள்ளதா?,unreviewed,,,,,,,
field_member.owns_non_agricultural_enterprise_registered_with_govt,question about a family member,Does their household own a non-agricultural business registered with the government?,அவர்களின் குடும்பம் அரசாங்கத்தில் பதிவு செய்யப்பட்ட வேளாண் அல்லாத வணிகத்தை வைத்துள்ளதா?,unreviewed,,,,,,,
label.owns_non_agricultural_enterprise_registered_with_govt,rule name in the explanation,Registered non-agricultural business,பதிவு செய்யப்பட்ட வேளாண் அல்லாத வணிகம்,unreviewed,,,,,,,
field.monthly_income_inr,question to the citizen,"What is the monthly income, in rupees?",மாதாந்திர வருமானம் (ரூபாயில்) எவ்வளவு?,unreviewed,,,,,,,
field_member.monthly_income_inr,question about a family member,"What is the monthly income, in rupees?",மாதாந்திர வருமானம் (ரூபாயில்) எவ்வளவு?,unreviewed,,,,,,,
label.monthly_income_inr,rule name in the explanation,Monthly income,மாதாந்திர வருமானம்,unreviewed,,,,,,,
field_household.monthly_income_inr,question about the household,"What is the highest monthly income earned by any one of {members}, in rupees? (Enter 0 if none of them earns.)",{members} இல் ஒருவரின் அதிகபட்ச மாதாந்திர வருமானம் (ரூபாயில்) எவ்வளவு? (எவரும் சம்பாதிக்கவில்லை என்றால் 0 என உள்ளிடவும்.),unreviewed,,,,,,,
field.paid_professional_tax,question to the citizen,Does your family pay professional tax?,உங்கள் குடும்பம் தொழில்முறை வரி செலுத்துகிறதா?,unreviewed,,,,,,,
field_member.paid_professional_tax,question about a family member,Does their family pay professional tax?,அவர்களின் குடும்பம் தொழில்முறை வரி செலுத்துகிறதா?,unreviewed,,,,,,,
label.paid_professional_tax,rule name in the explanation,Professional tax payment,தொழில்முறை வரி செலுத்தல்,unreviewed,,,,,,,
label.house_has_3_or_more_pucca_rooms,rule name in the explanation,Pucca house room count,புக்கா வீடு அறை எண்ணிக்கை,unreviewed,,,,,,,
field.owns_refrigerator,question to the citizen,Does your household own a refrigerator?,உங்கள் குடும்பம் ஒரு ஃப்ரிட்ஜ் வைத்துள்ளதா?,unreviewed,,,,,,,
field_member.owns_refrigerator,question about a family member,Does their household own a refrigerator?,அவர்களின் குடும்பம் ஒரு ஃப்ரிட்ஜ் வைத்துள்ளதா?,unreviewed,,,,,,,
label.owns_refrigerator,rule name in the explanation,Refrigerator ownership,ஃப்ரிட்ஜ் வைத்திருப்பு,unreviewed,,,,,,,
field.owns_landline_phone,question to the citizen,Does your household own a landline telephone?,உங்கள் குடும்பம் நிலை தொலைபேசி வைத்துள்ளதா?,unreviewed,,,,,,,
field_member.owns_landline_phone,question about a family member,Does their household own a landline telephone?,அவர்களின் குடும்பம் நிலை தொலைபேசி வைத்துள்ளதா?,unreviewed,,,,,,,
label.owns_landline_phone,rule name in the explanation,Landline phone ownership,நிலை தொலைபேசி வைத்திருப்பு,unreviewed,,,,,,,
field.owns_gt_2_5_acres_irrigated_land_with_irrigation_equipment,question to the citizen,"Does your household own more than 2.5 acres of irrigated land, along with irrigation equipment?",உங்கள் குடும்பம் 2.5 ஏக்கருக்கு மேற்பட்ட பாசன நிலம் மற்றும் பாசன உபகரணங்களை வைத்துள்ளதா?,unreviewed,,,,,,,
field_member.owns_gt_2_5_acres_irrigated_land_with_irrigation_equipment,question about a family member,"Does their household own more than 2.5 acres of irrigated land, along with irrigation equipment?",அவர்களின் குடும்பம் 2.5 ஏக்கருக்கு மேற்பட்ட பாசன நிலம் மற்றும் பாசன உபகரணங்களை வைத்துள்ளதா?,unreviewed,,,,,,,
label.owns_gt_2_5_acres_irrigated_land_with_irrigation_equipment,rule name in the explanation,Irrigated land with equipment (>2.5 acres),பாசன உபகரணங்களுடன் 2.5 ஏக்கருக்கு மேற்பட்ட பாசன நிலம்,unreviewed,,,,,,,
field.owns_5_or_more_acres_irrigated_land_two_or_more_crop_seasons,question to the citizen,Does your household own 5 or more acres of irrigated land used for two or more crop seasons a year?,உங்கள் குடும்பம் வருடத்திற்கு இரண்டு அல்லது அதற்கு மேற்பட்ட பயிர் பருவங்களில் பயன்படுத்தப்படும் 5 ஏக்கருக்கு மேற்பட்ட பாசன நிலம் வைத்துள்ளதா?,unreviewed,,,,,,,
field_member.owns_5_or_more_acres_irrigated_land_two_or_more_crop_seasons,question about a family member,Does their household own 5 or more acres of irrigated land used for two or more crop seasons a year?,அவர்களின் குடும்பம் வருடத்திற்கு இரண்டு அல்லது அதற்கு மேற்பட்ட பயிர் பருவங்களில் பயன்படுத்தப்படும் 5 ஏக்கருக்கு மேற்பட்ட பாசன நிலம் வைத்துள்ளதா?,unreviewed,,,,,,,
label.owns_5_or_more_acres_irrigated_land_two_or_more_crop_seasons,rule name in the explanation,"Irrigated land, multi-season (5+ acres)",பல பருவ பாசன நிலம் (5+ ஏக்கர்),unreviewed,,,,,,,
field.owns_7_5_or_more_acres_land_with_irrigation_equipment,question to the citizen,"Does your household own at least 7.5 acres of land, along with irrigation equipment?",உங்கள் குடும்பம் குறைந்தது 7.5 ஏக்கர் நிலம் மற்றும் பாசன உபகரணங்களை வைத்துள்ளதா?,unreviewed,,,,,,,
field_member.owns_7_5_or_more_acres_land_with_irrigation_equipment,question about a family member,"Does their household own at least 7.5 acres of land, along with irrigation equipment?",அவர்களின் குடும்பம் குறைந்தது 7.5 ஏக்கர் நிலம் மற்றும் பாசன உபகரணங்களை வைத்துள்ளதா?,unreviewed,,,,,,,
label.owns_7_5_or_more_acres_land_with_irrigation_equipment,rule name in the explanation,Large landholding with irrigation equipment (7.5+ acres),பாசன உபகரணங்களுடன் பெரிய நிலம் (7.5+ ஏக்கர்),unreviewed,,,,,,,
field.has_regular_family_financial_support,question to the citizen,Do you have a regular source of financial support from family or elsewhere?,உங்களுக்கு குடும்பம் அல்லது பிற இடங்களில் இருந்து முறையான நிதி ஆதரவு கிடைக்கிறதா?,unreviewed,,,,,,,
field_member.has_regular_family_financial_support,question about a family member,Do they have a regular source of financial support from family or elsewhere?,அவர்களுக்கு குடும்பம் அல்லது பிற இடங்களில் இருந்து முறையான நிதி ஆதரவு கிடைக்கிறதா?,unreviewed,,,,,,,
label.has_regular_family_financial_support,rule name in the explanation,Regular family financial support,முறையான குடும்ப நிதி ஆதரவு,unreviewed,,,,,,,
field.has_aadhaar_linked_bank_account,question to the citizen,Is your bank account linked to your Aadhaar number?,உங்கள் வங்கி கணக்கு உங்கள் Aadhaar எண்ணுடன் இணைக்கப்பட்டுள்ளதா?,unreviewed,,,,,,,
field_member.has_aadhaar_linked_bank_account,question about a family member,Is their bank account linked to their Aadhaar number?,அவர்களின் வங்கி கணக்கு அவர்களின் Aadhaar எண்ணுடன் இணைக்கப்பட்டுள்ளதா?,unreviewed,,,,,,,
label.has_aadhaar_linked_bank_account,rule name in the explanation,Aadhaar-linked bank account,Aadhaar-இன் இணைக்கப்பட்ட வங்கி கணக்கு,unreviewed,,,,,,,
field.family_annual_income_inr,question to the citizen,"What is your family's combined annual income, in rupees?",உங்கள் குடும்பத்தின் வருடாந்திர மொத்த வருமானம் (ரூபாய்களில்) எவ்வளவு?,unreviewed,,,,,,,
field_member.family_annual_income_inr,question about a family member,"What is their family's combined annual income, in rupees?",அவர்களின் குடும்பத்தின் வருடாந்திர மொத்த வருமானம் (ரூபாய்களில்) எவ்வளவு?,unreviewed,,,,,,,
label.family_annual_income_inr,rule name in the explanation,Family annual income,குடும்ப வருடாந்திர வருமானம்,unreviewed,,,,,,,
field.has_40_percent_or_more_disability,question to the citizen,Do you have a disability certificate showing 40% or more disability?,நீங்கள் 40% அல்லது அதற்கு மேற்பட்ட ஊனமுற்றதைக் காட்டும் சான்றிதழ் வைத்துள்ளீர்களா?,unreviewed,,,,,,,
field_member.has_40_percent_or_more_disability,question about a family member,Do they have a disability certificate showing 40% or more disability?,அவர்கள் 40% அல்லது அதற்கு மேற்பட்ட ஊனமுற்றதைக் காட்டும் சான்றிதழ் வைத்துள்ளனரா?,unreviewed,,,,,,,
label.has_40_percent_or_more_disability,rule name in the explanation,Disability status (40%+),ஊனமுற்ற நிலை (40%+),unreviewed,,,,,,,
field.is_ab_pmjay_beneficiary,question to the citizen,Is your family already a beneficiary of the Ayushman Bharat (AB-PMJAY) health scheme?,உங்கள் குடும்பம் ஏற்கனவே Ayushman Bharat (AB-PMJAY) சுகாதார திட்டத்தின் பயனாளியா?,unreviewed,,"Ayushman, Bharat",,,,,
field_member.is_ab_pmjay_beneficiary,question about a family member,Is their family already a beneficiary of the Ayushman Bharat (AB-PMJAY) health scheme?,அவர்களின் குடும்பம் ஏற்கனவே Ayushman Bharat (AB-PMJAY) சுகாதார திட்டத்தின் பயனாளியா?,unreviewed,,"Ayushman, Bharat",,,,,
label.is_ab_pmjay_beneficiary,rule name in the explanation,Ayushman Bharat (AB-PMJAY) beneficiary status,Ayushman Bharat (AB-PMJAY) பயனாளர் நிலை,unreviewed,,"Ayushman, Bharat",,,,,
field.is_pm_kisan_beneficiary,question to the citizen,Is your household already a beneficiary of the PM-KISAN scheme?,உங்கள் குடும்பம் ஏற்கனவே PM-KISAN திட்டத்தின் பயனாளியா?,unreviewed,,,,,,,
field_member.is_pm_kisan_beneficiary,question about a family member,Is their household already a beneficiary of the PM-KISAN scheme?,அவர்களின் குடும்பம் ஏற்கனவே PM-KISAN திட்டத்தின் பயனாளியா?,unreviewed,,,,,,,
label.is_pm_kisan_beneficiary,rule name in the explanation,PM-KISAN beneficiary status,PM-KISAN பயனாளர் நிலை,unreviewed,,,,,,,
field.is_e_shram_registered,question to the citizen,Do you hold an e-Shram card (the government's unorganised-worker registration)?,நீங்கள் e-Shram அட்டை (அரசின் ஒழுங்கற்ற தொழிலாளர்கள் பதிவு) வைத்துள்ளீர்களா?,unreviewed,,,,,,,
field_member.is_e_shram_registered,question about a family member,Do they hold an e-Shram card (the government's unorganised-worker registration)?,அவர்கள் e-Shram அட்டை (அரசின் ஒழுங்கற்ற தொழிலாளர்கள் பதிவு) வைத்துள்ளனரா?,unreviewed,,,,,,,
label.is_e_shram_registered,rule name in the explanation,e-Shram registration,e-Shram பதிவு,unreviewed,,,,,,,
field.has_active_mgnrega_job_card,question to the citizen,Does your household hold an active MGNREGA job card?,உங்கள் குடும்பம் செயலில் இருக்கும் MGNREGA வேலை அட்டையை வைத்துள்ளதா?,unreviewed,,,,,,,
field_member.has_active_mgnrega_job_card,question about a family member,Does their household hold an active MGNREGA job card?,அவர்களின் குடும்பம் செயலில் இருக்கும் MGNREGA வேலை அட்டையை வைத்துள்ளதா?,unreviewed,,,,,,,
label.has_active_mgnrega_job_card,rule name in the explanation,MGNREGA job card status,MGNREGA வேலை அட்டை நிலை,unreviewed,,,,,,,
field.is_frontline_worker,question to the citizen,"Are you employed as a frontline worker, such as an Anganwadi worker/helper or ASHA worker?",நீங்கள் ஆங்கன்வாடி ஊழியர்/உதவியாளர் அல்லது ASHA ஊழியர் போன்ற முன்னணி பணியாளராகப் பணியாற்றுகிறீர்களா?,unreviewed,,ASHA,,,,,
field_member.is_frontline_worker,question about a family member,"Are they employed as a frontline worker, such as an Anganwadi worker/helper or ASHA worker?",அவர்கள் ஆங்கன்வாடி ஊழியர்/உதவியாளர் அல்லது ASHA ஊழியர் போன்ற முன்னணி பணியாளராகப் பணியாற்றுகிறார்களா?,unreviewed,,ASHA,,,,,
label.is_frontline_worker,rule name in the explanation,Frontline worker status,முன்னணி பணியாளர் நிலை,unreviewed,,,,,,,
field.is_nfsa_ration_card_holder,question to the citizen,Does your household hold a ration card covered under the National Food Security Act?,உங்கள் குடும்பம் தேசிய உணவு பாதுகாப்பு சட்டத்தின் கீழ் உள்ள ரேஷன் கார்டை வைத்துள்ளதா?,unreviewed,,,,,,,
field_member.is_nfsa_ration_card_holder,question about a family member,Does their household hold a ration card covered under the National Food Security Act?,அவர்களின் குடும்பம் தேசிய உணவு பாதுகாப்பு சட்டத்தின் கீழ் உள்ள ரேஷன் கார்டை வைத்துள்ளதா?,unreviewed,,,,,,,
label.is_nfsa_ration_card_holder,rule name in the explanation,NFSA ration card status,NFSA ரேஷன் கார்டு நிலை,unreviewed,,,,,,,
field.pregnancy_child_order,question to the citizen,"For this pregnancy or birth, which child is this for you — first, second, etc.? (Enter the number.)","இந்த கர்ப்பம்/பிறப்பில், இது எத்தனைவது குழந்தை? (எண் உள்ளிடவும்.)",unreviewed,,,,,,,
field_member.pregnancy_child_order,question about a family member,"For this pregnancy or birth, which child is this for them — first, second, etc.? (Enter the number.)","இந்த கர்ப்பம்/பிறப்பில், இது அவர்களுக்கு எத்தனைவது குழந்தை? (எண் உள்ளிடவும்.)",unreviewed,,,,,,,
label.pregnancy_child_order,rule name in the explanation,Child order (this pregnancy/birth),குழந்தை வரிசை (இந்த கர்ப்பம்/பிறப்பு),unreviewed,,,,,,,
field.child_is_girl,question to the citizen,Is the child from this pregnancy/birth a girl?,இந்த கர்ப்பம்/பிறப்பில் பிறந்த குழந்தை பெண் தானா?,unreviewed,,,,,,,
field_member.child_is_girl,question about a family member,Is the child from this pregnancy/birth a girl?,இந்த கர்ப்பம்/பிறப்பில் பிறந்த குழந்தை பெண் தானா?,unreviewed,,,,,,,
label.child_is_girl,rule name in the explanation,Child's gender (this pregnancy/birth),குழந்தையின் பாலினம் (இந்த கர்ப்பம்/பிறப்பு),unreviewed,,,,,,,
field.owns_four_wheeler,question to the citizen,"Does your family own a private four-wheeler, such as a car or SUV?",உங்கள் குடும்பம் காரோ SUV-யோ போன்ற தனியார் நான்கு சக்கர வாகனத்தை வைத்துள்ளதா?,unreviewed,,SUV,,,,,
field_member.owns_four_wheeler,question about a family member,"Does their family own a private four-wheeler, such as a car or SUV?",அவர்களின் குடும்பம் காரோ SUV-யோ போன்ற தனியார் நான்கு சக்கர வாகனத்தை வைத்துள்ளதா?,unreviewed,,SUV,,,,,
label.owns_four_wheeler,rule name in the explanation,Four-wheeler ownership,நான்கு சக்கர வாகன உரிமை,unreviewed,,,,,,,
field.owned_vehicle_is_farm_tractor_only,question to the citizen,"Is the four-wheeler your family owns only a farm tractor, and not a car or other vehicle?","உங்கள் குடும்பம் வைத்திருக்கும் நான்கு சக்கர வாகனம் காரோ அல்லது பிற வாகனம் அல்ல, வேளாண் டிராக்டர் மட்டும் தானா?",unreviewed,,,,,,,
field_member.owned_vehicle_is_farm_tractor_only,question about a family member,"Is the four-wheeler their family owns only a farm tractor, and not a car or other vehicle?","அவர்களின் குடும்பம் வைத்திருக்கும் நான்கு சக்கர வாகனம் காரோ அல்லது பிற வாகனம் அல்ல, வேளாண் டிராக்டர் மட்டும் தானா?",unreviewed,,,,,,,
label.owned_vehicle_is_farm_tractor_only,rule name in the explanation,Four-wheeler is a farm tractor only,நான்கு சக்கர வாகனம் வேளாண் டிராக்டர் மட்டும்,unreviewed,,,,,,,
field.has_bank_account,question to the citizen,Do you have a bank account?,உங்களுக்கு வங்கி கணக்கு உள்ளதா?,unreviewed,,,,,,,
field_member.has_bank_account,question about a family member,Do they have a bank account?,அவர்களுக்கு வங்கி கணக்கு உள்ளதா?,unreviewed,,,,,,,
label.has_bank_account,rule name in the explanation,Bank account status,வங்கி கணக்கு நிலை,unreviewed,,,,,,,
field.other_govt_scheme_monthly_benefit_inr,question to the citizen,"How much do you already receive per month from another government financial scheme, in rupees? (Enter 0 if none.)",மற்றொரு அரசு நிதி திட்டத்திலிருந்து நீங்கள் மாதத்திற்கு எவ்வளவு ரூபாய் பெறுகிறீர்கள்? (எதுவும் இல்லையெனில் 0 உள்ளிடவும்.),unreviewed,,,,,,,
field_member.other_govt_scheme_monthly_benefit_inr,question about a family member,"How much do they already receive per month from another government financial scheme, in rupees? (Enter 0 if none.)",மற்றொரு அரசு நிதி திட்டத்திலிருந்து அவர்கள் மாதத்திற்கு எவ்வளவு ரூபாய் பெறுகிறார்கள்? (எதுவும் இல்லையெனில் 0 உள்ளிடவும்.),unreviewed,,,,,,,
label.other_govt_scheme_monthly_benefit_inr,rule name in the explanation,Other government scheme monthly benefit,மற்ற அரசு திட்டம் மாதாந்திர நன்மை,unreviewed,,,,,,,
field.family_agricultural_land_acres,question to the citizen,How many acres of land do you and your family own in total? (Enter 0 if none.),நீங்கள் மற்றும் உங்கள் குடும்பம் மொத்தம் எத்தனை ஏக்கர் விவசாய நிலம் வைத்துள்ளீர்கள்? (எதுவும் இல்லையெனில் 0 உள்ளிடவும்.),unreviewed,,,,,,,
field_member.family_agricultural_land_acres,question about a family member,How many acres of land do they and their family own in total? (Enter 0 if none.),அவர்கள் மற்றும் அவர்களின் குடும்பம் மொத்தம் எத்தனை ஏக்கர் விவசாய நிலம் வைத்துள்ளனர்? (எதுவும் இல்லையெனில் 0 உள்ளிடவும்.),unreviewed,,,,,,,
label.family_agricultural_land_acres,rule name in the explanation,Family landholding (acres),குடும்ப நிலப்பரப்பு (ஏக்கர்),unreviewed,,,,,,,
field.monthly_pension_inr,question to the citizen,"What is your monthly pension amount, in rupees? (Enter 0 if you don't receive a pension.)",உங்கள் மாதாந்திர ஓய்வூதியம் எவ்வளவு? (ஓய்வூதியம் பெறவில்லை என்றால் 0 உள்ளிடவும்.),unreviewed,,,,,,,
field_member.monthly_pension_inr,question about a family member,"What is their monthly pension amount, in rupees? (Enter 0 if they don't receive a pension.)",அவர்களின் மாதாந்திர ஓய்வூதியம் எவ்வளவு? (ஓய்வூதியம் பெறவில்லை என்றால் 0 உள்ளிடவும்.),unreviewed,,,,,,,
label.monthly_pension_inr,rule name in the explanation,Monthly pension,மாதாந்திர ஓய்வூதியம்,unreviewed,,,,,,,
field_household.monthly_pension_inr,question about the household,"What is the highest monthly pension received by any one of {members}, in rupees? (Enter 0 if none of them receives a pension.)",{members} இல் அதிகபட்சமாக பெறப்படும் மாதாந்திர ஓய்வூதியம் எவ்வளவு? (எவரும் பெறவில்லை என்றால் 0 உள்ளிடவும்.),unreviewed,,,,,,,
field.is_houseless,question to the citizen,Does your family currently have no house at all?,உங்கள் குடும்பம் தற்போது வீட்டை இல்லாமல் இருக்கிறதா?,unreviewed,,,,,,,
field_member.is_houseless,question about a family member,Does their family currently have no house at all?,அவர்களின் குடும்பம் தற்போது வீட்டை இல்லாமல் இருக்கிறதா?,unreviewed,,,,,,,
label.is_houseless,rule name in the explanation,Houseless status,வீடு இல்லாத நிலை,unreviewed,,,,,,,
label.lives_in_kutcha_house,rule name in the explanation,Kutcha house residency,குட்டா வீட்டில் வசிப்பது,unreviewed,,,,,,,
field.owns_motorised_three_or_four_wheeler,question to the citizen,Does your household own a motorised three-wheeler or four-wheeler?,உங்கள் குடும்பம் ஒரு மோட்டார் மூன்று சக்கர அல்லது நான்கு சக்கர வாகனத்தை வைத்திருக்கிறதா?,unreviewed,,,,,,,
field_member.owns_motorised_three_or_four_wheeler,question about a family member,Does their household own a motorised three-wheeler or four-wheeler?,அவர்களின் குடும்பம் ஒரு மோட்டார் மூன்று சக்கர அல்லது நான்கு சக்கர வாகனத்தை வைத்திருக்கிறதா?,unreviewed,,,,,,,
label.owns_motorised_three_or_four_wheeler,rule name in the explanation,Motorised 3/4-wheeler ownership,மோட்டார் 3/4-சக்கர வாகன உரிமை,unreviewed,,,,,,,
field_member.house_has_pucca_roof_or_wall,question about a family member,"Does their house have a pucca (permanent) roof, or pucca walls, made of brick, stone, cement or concrete?","அவர்களின் வீட்டில் pucca (நிலையான) கூரை அல்லது pucca சுவர்கள், செங்கல், கல், சிமெண்டு அல்லது கான்கிரீட் கொண்டு செய்யப்பட்டவை உள்ளனவா?",unreviewed,,,,,,,
label.house_has_pucca_roof_or_wall,rule name in the explanation,Pucca roof or walls,புக்கா கூரை அல்லது சுவர்கள்,unreviewed,,,,,,,
field.house_room_count,question to the citizen,How many rooms does your house have? (Enter 0 if you have no house.),உங்கள் வீட்டில் எத்தனை அறைகள் உள்ளன? (வீடு இல்லையெனில் 0 என உள்ளிடவும்.),unreviewed,,,,,,,
field_member.house_room_count,question about a family member,How many rooms does their house have? (Enter 0 if they have no house.),அவர்களின் வீட்டில் எத்தனை அறைகள் உள்ளன? (வீடு இல்லையெனில் 0 என உள்ளிடவும்.),unreviewed,,,,,,,
label.house_room_count,rule name in the explanation,Rooms in the house,வீட்டின் அறைகள் எண்ணிக்கை,unreviewed,,,,,,,
field.irrigated_land_acres,question to the citizen,How many acres of irrigated land does your household own? (Enter 0 if none.),உங்கள் குடும்பம் எத்தனை ஏக்கர் பாசனமிடப்பட்ட நிலத்தை வைத்திருக்கிறது? (எதுவும் இல்லையெனில் 0 என உள்ளிடவும்.),unreviewed,,,,,,,
field_member.irrigated_land_acres,question about a family member,How many acres of irrigated land does their household own? (Enter 0 if none.),அவர்களின் குடும்பம் எத்தனை ஏக்கர் பாசனமிடப்பட்ட நிலத்தை வைத்திருக்கிறது? (எதுவும் இல்லையெனில் 0 என உள்ளிடவும்.),unreviewed,,,,,,,
label.irrigated_land_acres,rule name in the explanation,Irrigated land (acres),பாசனமிடப்பட்ட நிலம் (ஏக்கர்),unreviewed,,,,,,,
field.unirrigated_land_acres,question to the citizen,How many acres of unirrigated (rain-fed) land does your household own? (Enter 0 if none.),உங்கள் குடும்பம் எத்தனை ஏக்கர் மழைநீர் (அபாசன) நிலத்தை வைத்திருக்கிறது? (எதுவும் இல்லையெனில் 0 என உள்ளிடவும்.),unreviewed,,,,,,,
field_member.unirrigated_land_acres,question about a family member,How many acres of unirrigated (rain-fed) land does their household own? (Enter 0 if none.),அவர்களின் குடும்பம் எத்தனை ஏக்கர் மழைநீர் (அபாசன) நிலத்தை வைத்திருக்கிறது? (எதுவும் இல்லையெனில் 0 என உள்ளிடவும்.),unreviewed,,,,,,,
label.unirrigated_land_acres,rule name in the explanation,Unirrigated land (acres),அபாசன நிலம் (ஏக்கர்),unreviewed,,,,,,,
field.is_aay_beneficiary,question to the citizen,Is your household a beneficiary of the Antyodaya Anna Yojana (AAY) scheme?,உங்கள் குடும்பம் ஆன்டியோடையா அன்னா யோஜனா (AAY) திட்டத்தின் பயனாளியா?,unreviewed,,,,,,,
field_member.is_aay_beneficiary,question about a family member,Is their household a beneficiary of the Antyodaya Anna Yojana (AAY) scheme?,அவர்களின் குடும்பம் ஆன்டியோடையா அன்னா யோஜனா (AAY) திட்டத்தின் பயனாளியா?,unreviewed,,,,,,,
label.is_aay_beneficiary,rule name in the explanation,Antyodaya Anna Yojana (AAY) beneficiary status,ஆண்டியோடையா அன்னா யோஜனா (AAY) பயனாளர் நிலை,unreviewed,,,,,,,
field.is_in_secc_2011_list,question to the citizen,Does your household appear in the government's SECC 2011 survey list?,உங்கள் குடும்பம் அரசின் SECC 2011 கணக்கெடுப்பு பட்டியலில் உள்ளதா?,unreviewed,,,,,,,
field_member.is_in_secc_2011_list,question about a family member,Does their household appear in the government's SECC 2011 survey list?,அவர்களின் குடும்பம் அரசின் SECC 2011 கணக்கெடுப்பு பட்டியலில் உள்ளதா?,unreviewed,,,,,,,
label.is_in_secc_2011_list,rule name in the explanation,SECC 2011 listing,SECC 2011 பட்டியலிடல்,unreviewed,,,,,,,
field.owns_cultivable_land_in_records,question to the citizen,Does your family own cultivable land according to official state land records?,அதிகாரப்பூர்வ மாநில நிலப் பதிவுகளின்படி உங்கள் குடும்பம் பயிரிடக்கூடிய நிலத்தை வைத்திருக்கிறதா?,unreviewed,,,,,,,
field_member.owns_cultivable_land_in_records,question about a family member,Does their family own cultivable land according to official state land records?,அதிகாரப்பூர்வ மாநில நிலப் பதிவுகளின்படி அவர்களின் குடும்பம் பயிரிடக்கூடிய நிலத்தை வைத்திருக்கிறதா?,unreviewed,,,,,,,
label.owns_cultivable_land_in_records,rule name in the explanation,Cultivable landholding (official records),பயிரிடக்கூடிய நிலம் (அதிகாரப்பூர்வ பதிவுகள்),unreviewed,,,,,,,
field.is_serving_or_retired_govt_employee,question to the citizen,"Is any family member a serving or retired government employee, at a central/state ministry, public-sector undertaking, or local body?","மத்திய/மாநில அமைச்சகம், பொது நிறுவனங்கள் அல்லது உள்ளூர் உடைமையிலான சேவையில் இருக்கும் அல்லது ஓய்வு பெற்ற அரசு ஊழியர் குடும்ப உறுப்பினர் உள்ளதா?",unreviewed,,,,,,,
field_member.is_serving_or_retired_govt_employee,question about a family member,"Is any family member a serving or retired government employee, at a central/state ministry, public-sector undertaking, or local body?","மத்திய/மாநில அமைச்சகம், பொது நிறுவனங்கள் அல்லது உள்ளூர் உடைமையிலான சேவையில் இருக்கும் அல்லது ஓய்வு பெற்ற அரசு ஊழியர் குடும்ப உறுப்பினர் உள்ளதா?",unreviewed,,,,,,,
label.is_serving_or_retired_govt_employee,rule name in the explanation,Government employment status,அரசு பணியாளர் நிலை,unreviewed,,,,,,,
field.is_regular_govt_employee_or_pensioner,question to the citizen,Is any family member a regular/permanent government employee or a government pensioner?,நிலையான/நிரந்தர அரசு ஊழியர் அல்லது அரசு ஓய்வூதிய பெறுபவர் குடும்ப உறுப்பினர் உள்ளதா?,unreviewed,,,,,,,
field_member.is_regular_govt_employee_or_pensioner,question about a family member,Is any family member a regular/permanent government employee or a government pensioner?,நிலையான/நிரந்தர அரசு ஊழியர் அல்லது அரசு ஓய்வூதிய பெறுபவர் குடும்ப உறுப்பினர் உள்ளதா?,unreviewed,,,,,,,
label.is_regular_govt_employee_or_pensioner,rule name in the explanation,Regular government employee/pensioner status,நிலையான அரசு ஊழியர்/ஓய்வூதிய நிலை,unreviewed,,,,,,,
field.is_govt_employee,question to the citizen,Is any family member a government employee?,குடும்ப உறுப்பினர் அரசு ஊழியரா?,unreviewed,,,,,,,
field_member.is_govt_employee,question about a family member,Is any family member a government employee?,குடும்ப உறுப்பினர் அரசு ஊழியரா?,unreviewed,,,,,,,
label.is_govt_employee,rule name in the explanation,Government employment status,அரசு பணியாளர் நிலை,unreviewed,,,,,,,
field.is_group_d_class_iv_or_mts,question to the citizen,"Is that family member specifically a Group D, Class IV, or Multi-Tasking Staff (MTS) employee?","அந்த குடும்ப உறுப்பினர் குறிப்பாக Group D, Class IV, அல்லது Multi-Tasking Staff (MTS) ஊழியரா?",unreviewed,,"Multi, Staff, Tasking",,,,,
field_member.is_group_d_class_iv_or_mts,question about a family member,"Is that family member specifically a Group D, Class IV, or Multi-Tasking Staff (MTS) employee?","அந்த குடும்ப உறுப்பினர் குறிப்பாக Group D, Class IV, அல்லது Multi-Tasking Staff (MTS) ஊழியரா?",unreviewed,,"Multi, Staff, Tasking",,,,,
label.is_group_d_class_iv_or_mts,rule name in the explanation,Group D / Class IV / MTS employee status,Group D / Class IV / MTS ஊழியர் நிலை,unreviewed,,,,,,,
field.is_urban_informal_worker,question to the citizen,"Do you work in an urban informal occupation — for example, rag picker, domestic worker, street vendor, construction worker, or sanitation worker?","நீங்கள் நகரப் புறநிலை தொழிலில் (உதாரணம்: குப்பை சேகரிப்பவர், வீட்டு ஊழியர், தெரு விற்பனையாளர், கட்டுமான ஊழியர், சுகாதார ஊழியர்) பணியாற்றுகிறீர்களா?",unreviewed,,,,,,,
field_member.is_urban_informal_worker,question about a family member,"Do they work in an urban informal occupation — for example, rag picker, domestic worker, street vendor, construction worker, or sanitation worker?","அவர் நகரப் புறநிலை தொழிலில் (உதாரணம்: குப்பை சேகரிப்பவர், வீட்டு ஊழியர், தெரு விற்பனையாளர், கட்டுமான ஊழியர், சுகாதார ஊழியர்) பணியாற்றுகிறாரா?",unreviewed,,,,,,,
label.is_urban_informal_worker,rule name in the explanation,Urban informal worker status,நகரப் புறநிலை ஊழியர் நிலை,unreviewed,,,,,,,
field.holds_constitutional_or_political_post,question to the citizen,"Does any family member hold or has held a constitutional post or elected political office, such as Minister, MP, MLA, MLC, or Mayor?","உங்கள் குடும்ப உறுப்பினருக்கு அரசியலமைப்பு பதவி அல்லது தேர்ந்தெடுக்கப்பட்ட அரசியல் பதவி (எ.கா. அமைச்சர், எம்.பி., எம்.எல்.ஏ., எம்.எல்.சி., மேயர்) உள்ளதா அல்லது இருந்ததா?",unreviewed,,,,,,,
field_member.holds_constitutional_or_political_post,question about a family member,"Does any family member hold or has held a constitutional post or elected political office, such as Minister, MP, MLA, MLC, or Mayor?","உங்கள் குடும்ப உறுப்பினருக்கு அரசியலமைப்பு பதவி அல்லது தேர்ந்தெடுக்கப்பட்ட அரசியல் பதவி (எ.கா. அமைச்சர், எம்.பி., எம்.எல்.ஏ., எம்.எல்.சி., மேயர்) உள்ளதா அல்லது இருந்ததா?",unreviewed,,,,,,,
label.holds_constitutional_or_political_post,rule name in the explanation,Constitutional or elected political post,அரசியலமைப்பு அல்லது தேர்ந்தெடுக்கப்பட்ட அரசியல் பதவி,unreviewed,,,,,,,
field.holds_govt_board_or_corporation_post,question to the citizen,"Does any family member serve as Chairperson, Vice-Chairperson, Director, or Member of a government Board or Corporation?","உங்கள் குடும்ப உறுப்பினர் அரசு வாரியம் அல்லது நிறுவனத்தின் தலைவர், துணைத் தலைவர், இயக்குநர் அல்லது உறுப்பினராக பணியாற்றுகிறாரா?",unreviewed,,,,,,,
field_member.holds_govt_board_or_corporation_post,question about a family member,"Does any family member serve as Chairperson, Vice-Chairperson, Director, or Member of a government Board or Corporation?","உங்கள் குடும்ப உறுப்பினர் அரசு வாரியம் அல்லது நிறுவனத்தின் தலைவர், துணைத் தலைவர், இயக்குநர் அல்லது உறுப்பினராக பணியாற்றுகிறாரா?",unreviewed,,,,,,,
label.holds_govt_board_or_corporation_post,rule name in the explanation,Government board/corporation post,அரசு வாரியம்/நிறுவன பதவி,unreviewed,,,,,,,
field.is_practicing_registered_professional,question to the citizen,"Is any family member a practicing, professionally-registered Doctor, Engineer, Lawyer, Chartered Accountant, or Architect?","உங்கள் குடும்ப உறுப்பினர் பயிற்சி பெற்ற, தொழில்முறை பதிவு செய்யப்பட்ட மருத்துவர், பொறியாளர், வழக்கறிஞர், சார்ட்டர்ட் கணக்காளர் அல்லது கட்டிடக்கலைஞரா?",unreviewed,,,,,,,
field_member.is_practicing_registered_professional,question about a family member,"Is any family member a practicing, professionally-registered Doctor, Engineer, Lawyer, Chartered Accountant, or Architect?","உங்கள் குடும்ப உறுப்பினர் பயிற்சி பெற்ற, தொழில்முறை பதிவு செய்யப்பட்ட மருத்துவர், பொறியாளர், வழக்கறிஞர், சார்ட்டர்ட் கணக்காளர் அல்லது கட்டிடக்கலைஞரா?",unreviewed,,,,,,,
label.is_practicing_registered_professional,rule name in the explanation,Registered professional status,பதிவு செய்யப்பட்ட தொழில்முறை நிலை,unreviewed,,,,,,,
field.is_institutional_landholder,question to the citizen,Is your land owned by an institution rather than by your family directly?,"உங்கள் நிலம் குடும்பம் நேரடியாக அல்ல, ஒரு நிறுவனத்தின் சொத்தாக உள்ளதா?",unreviewed,,,,,,,
field_member.is_institutional_landholder,question about a family member,Is their land owned by an institution rather than by their family directly?,"அவர்களின் நிலம் குடும்பம் நேரடியாக அல்ல, ஒரு நிறுவனத்தின் சொத்தாக உள்ளதா?",unreviewed,,,,,,,
label.is_institutional_landholder,rule name in the explanation,Institutional landholding status,நிறுவன நிலம் வைத்திருக்கும் நிலை,unreviewed,,,,,,,
field.is_receiving_ladki_bahin_benefit,question to the citizen,Is this family member already receiving the Ladki Bahin benefit?,இந்த குடும்ப உறுப்பினர் ஏற்கனவே லட்கி பஹின் நன்மையை பெறுகிறாரா?,unreviewed,,,,,,,
field_member.is_receiving_ladki_bahin_benefit,question about a family member,Is this family member already receiving the Ladki Bahin benefit?,இந்த குடும்ப உறுப்பினர் ஏற்கனவே லட்கி பஹின் நன்மையை பெறுகிறாரா?,unreviewed,,,,,,,
label.is_receiving_ladki_bahin_benefit,rule name in the explanation,Already receiving this benefit,ஏற்கனவே இந்த நன்மை பெறுகிறார்,unreviewed,,,,,,,
field.household_has_existing_lpg_connection,question to the citizen,Does your household already have an LPG gas connection?,உங்கள் குடும்பத்திற்கு ஏற்கனவே LPG எரிவாயு இணைப்பு உள்ளதா?,unreviewed,,LPG,,,,,
field_member.household_has_existing_lpg_connection,question about a family member,Does their household already have an LPG gas connection?,அவர்களின் குடும்பத்திற்கு ஏற்கனவே LPG எரிவாயு இணைப்பு உள்ளதா?,unreviewed,,LPG,,,,,
label.household_has_existing_lpg_connection,rule name in the explanation,Existing LPG connection,ஏற்கனவே LPG இணைப்பு,unreviewed,,LPG,,,,,
field.is_widow,question to the citizen,Are you a widow (has your husband passed away)?,நீங்கள் விதவை (உங்கள் கணவர் இறந்துவிட்டாரா?),unreviewed,,,,,,,
label.is_widow,rule name in the explanation,Widow,விதவை,unreviewed,,,,,,,
